TLD,Name,Title,ISO 3166-1,Risk Score,Description
.biz,biz,Business,,2,
.com,com,Commercial,,3,
.edu,edu,Education,,5,
.gov,gov,Government,,5,
.info,info,Information,,2,
.org,org,Organization,,3,
.mil,mil,Military,,5,
.mobi,mobi,Mobile Devices,,2,
.net,net,network,,3,
.xxx,xxx,Adult Sites,,3,
#,#,New Generic Top Level Domains,,0,
.accountant,accountant,Accountant,,1,
.ads,ads,Ads,,1,Used for Marketing and Advertising campaigns
.bid,bid,Bid,,2,
.buzz,buzz,Buzz,,2,
.click,click,Click,,1,
.club,club,Club,,2,
.country,country,Country,,1,
.cricket,cricket,Cricket,,1,
.date,date,Date,,1,
.diet,diet,Diet,,3,
.download,download,Download,,1,
.email,email,Email,,1,52% Bad domains (Spamhaus September 2020 Report)
.fail,fail,Fail,,1,58% Bad domains (Spamhaus September 2020 Report)
.fit,fit,Fit,,1,49% Bad domains (Spamhaus September 2020 Report)
.gdn,gdn,GDN,,1,
.icu,icu,I See You,,1,Abused in phishing campaigns and for various second-stage malware downloaders
.kim,kim,Kim,,2,
.link,link,Link,,2,Often used as a shorted URL in email campaigns
.loan,loan,Loan,,2,
.men,men,Men,,1,
.mom,mom,Mom,,2,
.party,party,Party,,2,
.pink,pink,Pink,,3,
.racing,racing,Racing,,1,
.review,review,Review,,1,
.run,run,Run,,2,
.science,science,Science,,1,
.space,space,Space,,3,
.stream,stream,Stream,,2,Hosts a lot of risky Streaming sites
.study,study,Study,,1,
.trade,trade,Trade,,1,
.top,top,Top,,1,
.viajes,viajes,Viajes,,1,47% Bad domains (Spamhaus September 2020 Report)
.webcam,webcam,Webcam,,2,
.win,win,Win,,1,
.work,work,Work,,3,
.xyz,xyz,xyz,,2,
#,#,Country Domains,,0,
.ac,ac,Ascension Island,sh,3,Commonly used for academic websites
.ad,ad,Andorra,ad,3,
.ae,ae,United Arab Emirates,ae,3,
.af,af,Afghanistan,af,3,
.ag,ag,Antigua and Barbuda,ag,3,Also unofficially used by German businesses
.ai,ai,Anguilla,ai,3,
.al,al,Albania,al,3,
.am,am,Armenia,am,3,Unofficially used by AM radio stations
.ao,ao,Angola,ao,3,
.aq,aq,Antarctica,aq,3,
.ar,ar,Argentina,ar,3,
.as,as,American Samoa,as,3,
.asia,asia,Asia Pacific,,2,"15% Bad domains seen by <a href=""https://www.spamhaus.org/statistics/tlds/"">Spamhaus</a> June 2016"
.at,at,Austria,at,3,
.au,au,Australia,au,3,
.aw,aw,Aruba,aw,3,"Restricted to registered Aruban companies, organisations and citizens"
.ax,ax,Åland,ax,3,"Restricted to registered Åland companies, organisations and citizens"
.az,az,Azerbaijan,az,3,
.ba,ba,Bosnia and Herzegovina,ba,3,
.bb,bb,Barbados,bb,3,
.bd,bd,Bangladesh,bd,3,
.be,be,Belgium,be,3,
.bf,bf,Burkina Faso,bf,3,
.bg,bg,Bulgaria,bg,3,
.bh,bh,Bahrain,bh,3,
.bi,bi,Burundi,bi,3,
.bj,bj,Benin,bj,3,
.bm,bm,Bermuda,bm,3,
.bn,bn,Brunei,bn,3,
.bo,bo,Bolivia,bo,3,
.br,br,Brazil,br,3,
.bs,bs,Bahamas,bs,3,
.bt,bt,Bhutan,bt,3,
.bw,bw,Botswana,bw,3,
.by,by,Belarus,by,3,"Also unofficially used to denote Bayern (Bavaria), Germany"
.bz,bz,Belize,bz,3,
.ca,ca,Canada,ca,3,
.cc,cc,Cocos Islands,cc,2,"Low cost, and historically abused"
.cd,cd,Democratic Republic of the Congo,cd,3,
.cf,cf,Central African Republic,cf,1,Also used as a free domain service to the public.
.cg,cg,Republic of the Congo,cg,3,
.ch,ch,Switzerland,ch,3,
.ci,ci,Côte dIvoire,ci,3,
.ck,ck,Cook Islands,ck,3,
.cl,cl,Chile,cl,3,
.cm,cm,Cameroon,cm,2,Typo of .com
.cn,cn,People's Republic of China,cn,2,
.co,co,Colombia,co,2,"Typo of .com, but has many legitimate uses"
.cr,cr,Costa Rica,cr,3,
.cu,cu,Cuba,cu,3,
.cv,cv,Cape Verde,cv,3,
.cw,cw,Curaçao,cw,3,
.cx,cx,Christmas Island,cx,3,
.cy,cy,Cyprus,cy,3,
.cz,cz,Czech Republic,cz,3,
.de,de,Germany,de,3,
.dj,dj,Djibouti,dj,3,
.dk,dk,Denmark,dk,3,
.dm,dm,Dominica,dm,3,
.do,do,Dominican Republic,do,3,
.dz,dz,Algeria,dz,3,
.ec,ec,Ecuador,ec,3,
.ee,ee,Estonia,ee,3,
.eg,eg,Egypt,eg,3,
.es,es,Spain,es,3,
.et,et,Ethiopia,et,3,
.eu,eu,European Union,eu,2,
.fi,fi,Finland,fi,3,
.fj,fj,Fiji,fj,3,
.fk,fk,Falkland Islands,fk,3,
.fm,fm,Federated States of Micronesia,fm,3,Unofficially used by FM radio stations and Podcasts
.fo,fo,Faroe Islands,fo,3,
.fr,fr,France,fr,3,
.ga,ga,Gabon,ga,1,Also used as a free domain service to the public.
.gd,gd,Grenada,gd,3,
.ge,ge,Georgia,ge,3,
.gf,gf,French Guiana,gf,3,
.gg,gg,Guernsey,gg,3,Commonly used in reference to the gamer slang for good game.
.gh,gh,Ghana,gh,3,
.gi,gi,Gibraltar,gi,3,
.gl,gl,Greenland,gl,3,
.gm,gm,Gambia,gm,3,
.gn,gn,Guinea,gn,3,
.gp,gp,Guadeloupe,gp,3,
.gq,gq,Equatorial Guinea,gq,1,"<a href=""https://www.bluecoat.com/security-blog/2015-04-21/shady-tlds-gq-not-looking-so-dapper"">99% over past 10 years</a> of sites are shady"
.gr,gr,Greece,gr,3,
.gs,gs,South Georgia and the South Sandwich Islands,gs,3,
.gt,gt,Guatemala,gt,3,
.gu,gu,Guam,gu,3,
.gw,gw,Guinea-Bissau,gw,3,
.gy,gy,Guyana,gy,3,
.hk,hk,Hong Kong,hk,3,
.hm,hm,Heard Island and McDonald Islands,hm,3,
.hn,hn,Honduras,hn,3,
.hr,hr,Croatia,hr,3,
.ht,ht,Haiti,ht,3,
.hu,hu,Hungary,hu,3,
.id,id,Indonesia,id,3,
.ie,ie,Ireland,ie,3,
.il,il,Israel,il,3,
.im,im,Isle of Man,im,3,
.in,in,India,in,3,
.io,io,British Indian Ocean Territory,io,3,
.iq,iq,Iraq,iq,3,
.ir,ir,Iran,ir,3,
.is,is,Iceland,is,3,
.it,it,Italy,it,3,
.je,je,Jersey,je,3,
.jm,jm,Jamaica,jm,3,
.jo,jo,Jordan,jo,3,
.jp,jp,Japan,jp,3,
.ke,ke,Kenya,ke,3,
.kg,kg,Kyrgyzstan,kg,3,
.kh,kh,Cambodia,kh,3,
.ki,ki,Kiribati,ki,3,
.km,km,Comoros,km,3,
.kn,kn,Saint Kitts and Nevis,kn,3,
.kp,kp,North Korea,kp,3,
.kr,kr,South Korea,kr,3,
.kw,kw,Kuwait,kw,3,
.ky,ky,Cayman Islands,ky,3,
.kz,kz,Kazakhstan,kz,3,
.la,la,Laos,la,3,
.lb,lb,Lebanon,lb,3,
.lc,lc,Saint Lucia,lc,3,
.li,li,Liechtenstein,li,3,
.lk,lk,Sri Lanka,lk,3,
.lr,lr,Liberia,lr,3,
.ls,ls,Lesotho,ls,3,
.lt,lt,Lithuania,lt,3,
.lu,lu,Luxembourg,lu,3,
.lv,lv,Latvia,lv,3,
.ly,ly,Libya,ly,3,
.ma,ma,Morocco,ma,3,
.mc,mc,Monaco,mc,3,
.md,md,Moldova,md,3,
.me,me,Montenegro,me,3,
.mg,mg,Madagascar,mg,3,
.mh,mh,Marshall Islands,mh,3,
.mk,mk,Macedonia,mk,3,
.ml,ml,Mali,ml,3,
.mm,mm,Myanmar,mm,3,
.mn,mn,Mongolia,mn,3,
.mo,mo,Macau,mo,3,
.mp,mp,Northern Mariana Islands,mp,3,
.mq,mq,Martinique,mq,3,
.mr,mr,Mauritania,mr,3,
.ms,ms,Montserrat,ms,2,Unofficially used for Microsoft-related domains.
.mt,mt,Malta,mt,3,
.mu,mu,Mauritius,mu,3,
.mv,mv,Maldives,mv,3,
.mw,mw,Malawi,mw,3,
.mx,mx,Mexico,mx,3,
.my,my,Malaysia,my,3,Restricted to registration by an individual or company in Malaysia
.mz,mz,Mozambique,mz,3,
.na,na,Namibia,na,3,
.nc,nc,New Caledonia,nc,3,Restricted to companies that have a New Caledonian Business Registration Certificate or individuals living in New Caledonia for at least 6 months.
.ne,ne,Niger,ne,3,
.nf,nf,Norfolk Island,nf,3,
.ng,ng,Nigeria,ng,3,
.ni,ni,Nicaragua,ni,3,
.nl,nl,Netherlands,nl,3,
.no,no,Norway,no,3,
.np,np,Nepal,np,2,All .np domains are free to register for individuals and registered businesses.
.nr,nr,Nauru,nr,2,Also used as a free domain service to the public as co.nr.
.nu,nu,Niue,nu,3,"Commonly used by Danish, Dutch and Swedish websites, because in those languages ""nu"" means ""now""."
.nz,nz,New Zealand,nz,3,
.om,om,Oman,om,1,"Used for <a href=""https://www.endgame.com/blog/what-does-oman-house-cards-and-typosquatting-have-common-om-domain-and-dangers-typosquatting"">Typo squatting</a> of .com domains"
.pa,pa,Panama,pa,3,
.pe,pe,Peru,pe,3,
.pf,pf,French Polynesia,pf,3,
.pg,pg,Papua New Guinea,pg,3,
.ph,ph,Philippines,ph,3,
.pk,pk,Pakistan,pk,3,
.pl,pl,Poland,pl,2,
.pm,pm,Saint-Pierre and Miquelon,pm,3,
.pn,pn,Pitcairn Islands,pn,3,
.pr,pr,Puerto Rico,pr,3,
.ps,ps,Palestine,ps,3,West Bank and Gaza Strip.
.pt,pt,Portugal,pt,3,
.pw,pw,Palau,pw,3,
.py,py,Paraguay,py,3,
.qa,qa,Qatar,qa,3,
.re,re,Réunion,re,3,
.ro,ro,Romania,ro,3,
.rs,rs,Serbia,rs,3,
.ru,ru,Russia,ru,3,
.rw,rw,Rwanda,rw,3,
.sa,sa,Saudi Arabia,sa,3,
.sb,sb,Solomon Islands,sb,3,
.sc,sc,Seychelles,sc,3,
.sd,sd,Sudan,sd,3,
.se,se,Sweden,se,3,
.sg,sg,Singapore,sg,3,
.sh,sh,Saint Helena,sh,3,
.si,si,Slovenia,si,3,
.sk,sk,Slovakia,sk,3,"Restricted to Slovak companies, organisations and citizens"
.sl,sl,Sierra Leone,sl,3,
.sm,sm,San Marino,sm,3,
.sn,sn,Senegal,sn,3,
.so,so,Somalia,so,3,
.sr,sr,Suriname,sr,3,
.ss,ss,South Sudan,ss,3,
.st,st,São Tomé and Príncipe,st,2,
.su,su,Soviet Union,ru,3,
.sv,sv,El Salvador,sv,3,
.sx,sx,Sint Maarten,sx,3,
.sy,sy,Syria,sy,3,
.sz,sz,Swaziland,sz,3,
.tc,tc,Turks and Caicos Islands,tc,3,
.td,td,Chad,td,3,
.tf,tf,French Southern Territories,tf,3,
.tg,tg,Togo,tg,3,
.th,th,Thailand,th,3,
.tj,tj,Tajikistan,tj,3,
.tk,tk,Tokelau,tk,1,Also used as a free domain service to the public.
.tl,tl,East Timor,tl,3,
.tm,tm,Turkmenistan,tm,3,
.tn,tn,Tunisia,tn,3,
.to,to,Tonga,to,2,Often used unofficially for Torrents
.tr,tr,Turkey,tr,3,
.tt,tt,Trinidad and Tobago,tt,3,
.tv,tv,Tuvalu,tv,3,Used as an abbreviation of Television
.tw,tw,Taiwan,tw,3,
.tz,tz,Tanzania,tz,3,
.ua,ua,Ukraine,ua,3,
.ug,ug,Uganda,ug,3,
.uk,uk,United Kingdom,gb,3,
.us,us,United States of America,us,3,
.uy,uy,Uruguay,uy,3,
.uz,uz,Uzbekistan,uz,3,
.va,va,Vatican City,va,5,Limited to the official sites of the Vatican
.vc,vc,Saint Vincent and the Grenadines,vc,3,
.ve,ve,Venezuela,ve,3,
.vg,vg,British Virgin Islands,vg,3,
.vi,vi,United States Virgin Islands,vi,3,
.vn,vn,Vietnam,vn,2,"Historically bad, but has improved recently"
.vu,vu,Vanuatu,vu,3,
.wf,wf,Wallis and Futuna,wf,3,
.ws,ws,Samoa,ws,2,Marketed for use in general Web Sites
.ye,ye,Yemen,ye,3,
.yt,yt,Mayotte,yt,3,
.za,za,South Africa,za,3,
.zm,zm,Zambia,zm,3,
.zw,zw,Zimbabwe,zw,3,
#,#,New Country Domains,,0,
.cymru,cymru,Wales,gb-wls,3,Wales Welsh language
.scot,scot,Scotland,gb-sct,3,Scotland Gaelic and English language
.XN--11B4C3D,XN--11B4C3D,कॉम,in,3,Hindi language
.XN--O3CW4H,XN--O3CW4H,ไทย,th,3,Thailand
.wales,wales,Wales,gb-wls,3,Wales English language
